<?xml version="1.0" encoding="UTF-8"?>
<beans xmlns="http://www.springframework.org/schema/beans"
       xmlns:xsi="http://www.w3.org/2001/XMLSchema-instance"
       xmlns:context="http://www.springframework.org/schema/context"
       xsi:schemaLocation="
       http://www.springframework.org/schema/beans
       http://www.springframework.org/schema/beans/spring-beans.xsd
       http://www.springframework.org/schema/context
       http://www.springframework.org/schema/context/spring-context-3.1.xsd">

    <!-- ZOOMA SPARQL datasource access configuration -->

    <context:annotation-config />

    <bean id="virtuosoDatasource" class="virtuoso.jdbc4.VirtuosoConnectionPoolDataSource">
        <property name="description" value="Virtuoso Pool" />
        <property name="charset" value="UTF-8" />
        <property name="initialPoolSize" value="0" />
        <property name="minPoolSize" value="0" />
        <property name="maxPoolSize" value="8" />
        <property name="user" value="${lode.explorer.virtuoso.user}" />
        <property name="password" value="${lode.explorer.virtuoso.password}" />
        <property name="serverName" value="${lode.sparqlendpoint.host}" />
        <property name="portNumber" value="${lode.sparqlendpoint.port}" />
    </bean>

    <bean id="virtuosoDataSourceProvider" class="uk.ac.ebi.fgpt.lode.impl.VirtuosoDatasourceWrapperProvider">
        <property name="virtuosoDatasource" ref="virtuosoDatasource" />
    </bean>

    <bean id="jenaVirtuosoExecutorService" class="uk.ac.ebi.fgpt.lode.impl.JenaVirtuosoConnectionPoolService">
        <constructor-arg ref="virtuosoDataSourceProvider" />
    </bean>

    <bean id="queryManager" class="uk.ac.ebi.fgpt.zooma.service.QueryManager" init-method="init">
        <property name="sparqlQueryResource" value="classpath:queries.sparql" />
        <property name="propertiesMapAdapter" ref="propertiesMapAdapter" />
    </bean>

    <bean id="prefixProperties" class="org.springframework.beans.factory.config.PropertiesFactoryBean">
        <property name="location" value="file:${zooma.home}/config/naming/prefix.properties" />
    </bean>

    <bean id="propertiesMapAdapter" class="uk.ac.ebi.fgpt.zooma.util.PropertiesMapAdapter" init-method="init">
        <property name="properties" ref="prefixProperties" />
    </bean>

    <!-- DAOs use LODEStar bridge for data access to SPARQL endpoints -->

    <bean id="lodeAnnotationDAO" class="uk.ac.ebi.fgpt.zooma.datasource.SparqlAnnotationDAO" autowire-candidate="false">
        <property name="queryManager" ref="queryManager" />
        <property name="queryService" ref="jenaVirtuosoExecutorService" />
        <property name="biologicalEntityDAO" ref="lodeBiologicalEntityDAO" />
        <property name="annotationZoomaSerializer" ref="annotationSerializer" />
    </bean>

    <bean id="lodeLuceneAnnotationDAO"
          class="uk.ac.ebi.fgpt.zooma.datasource.SparqlLuceneAnnotationDAO"
          autowire-candidate="false">
        <property name="queryManager" ref="queryManager" />
        <property name="queryService" ref="jenaVirtuosoExecutorService" />
    </bean>

    <bean id="lodeBiologicalEntityDAO"
          class="uk.ac.ebi.fgpt.zooma.datasource.SparqlBiologicalEntityDAO"
          autowire-candidate="false">
        <property name="queryManager" ref="queryManager" />
        <property name="queryService" ref="jenaVirtuosoExecutorService" />
        <property name="biologicalEntityZoomaSerializer" ref="bioentitySerializer" />
    </bean>

    <bean id="lodeOntologyDAO" class="uk.ac.ebi.fgpt.zooma.datasource.SparqlOntologyDAO" autowire-candidate="false">
        <property name="queryManager" ref="queryManager" />
        <property name="queryService" ref="jenaVirtuosoExecutorService" />
    </bean>

    <bean id="lodePropertyDAO" class="uk.ac.ebi.fgpt.zooma.datasource.SparqlPropertyDAO" autowire-candidate="false">
        <property name="queryManager" ref="queryManager" />
        <property name="queryService" ref="jenaVirtuosoExecutorService" />
        <property name="propertyZoomaSerializer" ref="propertySerializer" />
    </bean>

    <bean id="lodeStudyDAO" class="uk.ac.ebi.fgpt.zooma.datasource.SparqlStudyDAO" autowire-candidate="false">
        <property name="queryManager" ref="queryManager" />
        <property name="queryService" ref="jenaVirtuosoExecutorService" />
        <property name="studyZoomaSerializer" ref="studySerializer" />
    </bean>

    <bean id="lodeLuceneAnnotationSummaryDAO"
          class="uk.ac.ebi.fgpt.zooma.datasource.SparqlLuceneAnnotationSummaryDAO"
          autowire-candidate="false">
        <property name="queryManager" ref="queryManager" />
        <property name="queryService" ref="jenaVirtuosoExecutorService" />
    </bean>

    <bean id="lodeAnnotationPatternDAO"
          class="uk.ac.ebi.fgpt.zooma.datasource.SparqlAnnotationPatternDAO"
          autowire-candidate="false">
        <property name="queryManager" ref="queryManager" />
        <property name="queryService" ref="jenaVirtuosoExecutorService" />
    </bean>

    <bean id="lodeAnnotationProvenanceDAO"
          class="uk.ac.ebi.fgpt.zooma.datasource.SparqlAnnotationProvenanceDAO"
          autowire-candidate="false">
        <property name="queryManager" ref="queryManager" />
        <property name="queryService" ref="jenaVirtuosoExecutorService" />
    </bean>

    <bean id="lodeAnnotationSourceDAO"
          class="uk.ac.ebi.fgpt.zooma.datasource.SparqlAnnotationSourceDAO"
          autowire-candidate="false">
        <property name="queryManager" ref="queryManager" />
        <property name="queryService" ref="jenaVirtuosoExecutorService" />
    </bean>

    <!-- Serializers use OWL-API to generate RDF documents from ZOOMA objects -->

    <bean name="annotationSerializer" class="uk.ac.ebi.fgpt.zooma.io.OWLAPIAnnotationSerializer" />

    <bean id="bioentitySerializer" class="uk.ac.ebi.fgpt.zooma.io.OWLAPIBiologicalEntitySerializer" />

    <bean id="propertySerializer" class="uk.ac.ebi.fgpt.zooma.io.OWLAPIPropertySerializer" />

    <bean id="studySerializer" class="uk.ac.ebi.fgpt.zooma.io.OWLAPIStudySerializer" />

</beans>